file,score
probe_zeros.csv,0.107246299
probe_const_0.10.csv,0.097675731
r2f_ensemble.csv,0.069455144
e01_r2f_affine.csv,0.067315979
e02_r2f_only_eastern-ok.csv,0.092870971
e05_r2f_only_south-central-tx.csv,0.093546274
e06_r2f_only_eastern-wa.csv,0.107246299
r3j_sigma40_affine.csv,0.067785725
stack_region_ok_tx.csv,0.066977056
stack2_e01_r3j_region.csv,0.066850291
stack3_scorecard_groups.csv,0.066116371
r5e_groups_affine.csv,0.065882765
r5d_groups_ensemble.csv,0.068177906
r6e_vuln_affine.csv,0.065531406
stack4_with_scorecard.csv,0.065307242
stack4_no_scorecard.csv,0.065108469
stack5_r6.csv,0.064866595
r6d_vuln_ensemble.csv,0.066862916
r9d_routefix_affine.csv,0.065222251
r9c_routefix_ensemble.csv,0.066216026
